abalone,4
abare,3
abbruzzese,4
abed,2
aborigine,5
aborigines,5
abruzzese,4
acreage,3
adame,3
addresses,3
adieu,2
adobe,3
alfred,2
ambient,3
andrea,3
anemone,4
angeles,3
anime,3
animes,3
antigua,3
antique,2
antiques,2
anxieties,4
anxiety,4
anyone,3
apache,3
aphrodite,4
apostrophe,4
appreciation,5
appreciations,5
approaches,3
aqua,2
area,3
areas,3
ariadne,4
asia,2
association,5
associations,5
attacked,2
backed,1
banned,1
baseball,2
baseballs,2
baseline,2
baselines,2
beaches,2
beer,1
beers,1
behavior,3
behavioral,4
behaviour,3
berkeley,2
bestialities,5
bestiality,5
billion,2
billions,2
bizarre,2
blocked,1
blonde,1
boolean,3
boutique,2
boutiques,2
bracelet,2
bracelets,2
branches,2
brazilian,3
brilliant,2
bronze,1
browse,1
bye,1
cafe,2
cafes,2
california,4
calliope,4
cashier,2
cashiers,2
catastrophe,4
catherine,2
chaos,2
chaotic,3
charge,1
charged,1
charles,1
charleston,2
charlotte,2
checked,1
cheers,1
cheque,1
cheques,2
chile,2
chloe,2
christianity,5
circe,2
civilian,3
clarke,1
classes,2
cleveland,2
coaches,2
coleman,2
collapse,2
colleagues,2
confidentiality,7
congressional,4
conscious,2
consciousness,3
consequence,3
consequences,4
consequently,4
continuing,4
conventional,4
cooperation,5
cooperative,5
coordinate,4
coordinated,5
coordinates,4
coordination,5
coordinator,5
courses,2
coyote,3
criterion,4
criticism,3
croatia,3
daphne,2
deer,1
delicious,3
deluxe,2
desperate,2
diabetes,4
diamond,2
diamonds,2
diane,2
dictionaries,4
dictionary,4
diego,3
dietary,4
dimensional,4
discharge,2
discusses,3
dispatched,2
doing,2
dresses,2
duo,2
eclipse,2
ecuador,3
element,3
elements,3
else,1
elsewhere,2
enlarge,2
enlargement,3
epitome,4
equation,3
equations,3
equity,3
european,4
eurydice,4
euterpe,3
every,2
everybody,4
everyday,3
everything,3
everywhere,3
exceptional,4
experience,4
experienced,4
experiences,5
experiencing,5
false,1
familiar,3
fashion,2
filename,2
filenames,2
firefox,2
fireplace,2
fireplaces,3
firewall,2
firewalls,2
fluid,2
fluids,2
forbes,1
forest,2
forestry,3
forests,2
forever,3
forge,1
framework,2
frameworks,2
frequencies,3
frequency,3
frequent,2
frequently,3
frontier,2
frontiers,2
fucked,1
functional,3
functionality,5
functioning,3
gabriel,3
gamecube,2
gamecubes,2
gamespot,2
gamespots,2
garcia,3
gateway,2
genealogy,5
genius,2
geniuses,3
genuine,3
george,1
georgia,2
gethsemane,4
glasses,2
going,2
guacamole,4
guideline,2
guidelines,2
hawaii,3
hawaiian,4
helped,1
hereby,2
hermione,4
hierarchies,4
hierarchy,4
holmes,1
homeland,2
homepage,2
homepages,2
hometown,2
homework,2
horses,2
household,2
households,2
houseware,2
housewares,2
housewife,2
housewives,2
hyperbole,4
iceland,2
ideal,3
ideas,3
inches,2
indonesia,4
infectious,3
initiated,5
initiatives,4
instructional,4
ireland,2
israel,3
italian,3
jesse,2
joan,2
joel,2
jose,2
journalism,3
jukebox,2
julia,2
julian,2
junior,2
karaoke,4
karate,3
kenya,2
korea,3
korean,3
laos,2
large,1
largely,2
launches,2
lawyer,2
lawyers,2
lifestyle,2
lifetime,2
likelihood,3
likewise,2
linear,3
lingerie,2
livecam,2
livestock,2
locked,1
logged,1
losses,2
louisiana,5
lucia,3
luis,2
machete,3
malaysia,3
marijuana,4
marion,3
marriage,2
matched,1
mauritius,3
maybe,2
mechanism,3
medieval,4
mediterranean,6
mercedes,3
merge,1
metabolism,4
million,2
millions,2
minneapolis,5
miscellaneous,5
moreover,3
mozambique,3
museum,3
museums,3
naive,2
naked,2
negotiation,5
negotiations,5
newlywed,3
nicaragua,4
norwegian,3
notebook,2
notebooks,2
nurses,2
oasis,3
ongoing,3
optional,3
orgasm,2
oriental,4
orientation,5
orientations,5
oriented,4
packed,1
parlamients,4
parliament,3
parliamentary,5
passes,2
patricia,4
peeing,2
peer,1
peers,1
penelope,4
people,2
peoples,2
persephone,4
petroleum,4
phoebe,2
picked,1
pipeline,2
pipelines,2
poem,2
poems,2
poet,2
poetry,3
poets,2
pontiac,3
porsche,1
posesessions,3
possession,3
precious,2
premier,2
president,3
presidential,4
presidents,3
pressed,1
priest,1
princeton,2
probe,1
processes,3
professional,4
professionals,4
proof,1
proud,1
proudly,2
prove,1
proved,1
pulse,1
queen,1
queens,1
queensland,2
questionnaire,3
questionnaires,3
queue,1
reaches,2
recipe,3
recipes,3
recipient,4
recipients,4
references,3
religious,3
riverbed,3
russia,2
safety,2
samuel,3
science,2
sciences,3
scientific,4
scientist,3
scientists,3
searched,1
seattle,3
seeing,2
senior,2
seniors,2
sequence,2
sequences,3
sesame,3
shakespeare,2
shareholders,3
shareware,2
sheer,1
shoreline,2
sierra,3
simile,3
simultaneously,6
sitemap,2
slideshow,2
slideshows,2
snuffleupagus,5
societies,4
society,4
soldier,2
soldiers,2
sometimes,2
specialized,3
speeches,2
spiritual,3
spokesman,2
stakeholder,3
stakeholders,3
statewide,2
sublimedirectory,6
subsequent,3
subsequently,4
suicide,3
suicides,3
sunglasses,3
surge,1
surgeon,2
surgeons,2
switched,1
syncope,3
tagged,1
talked,1
tamale,3
teaches,2
technique,2
techniques,2
terrorism,3
theater,3
theaters,3
theatre,3
theatres,3
thereby,2
therefore,2
thereof,2
tier,1
timeline,2
timelines,2
tokyo,3
tongue,1
tourism,2
tracked,1
trademark,2
trademarks,2
tuition,3
tuitions,3
tunisia,3
unions,2
unique,2
urge,1
vacuum,3
vienna,3
vietnam,3
vietnamese,4
virginia,3
volunteer,3
volunteers,3
walked,1
watched,1
waterbed,3
watershed,3
wednesday,2
wholesale,2
widescreen,2
widespread,2
william,2
williams,2
wishes,2
witnesses,3
worcester,2
wyoming,3
yosemite,4
zoe,2